id,title,artist,year,type,role,mainRelease,status,format,label,resourceUrl,thumbnailUrl,inWantlist,inCollection
10340315,Interpol,Interpol,1998,release,Main,,Accepted,"Cass, Promo",Not On Label (Interpol Self-Released),https://api.discogs.com/releases/10340315,https://i.discogs.com/QZsx6Y-KYbdYKNpTols-3QTkU5rvIeIb-upWKrnnjVw/rs:fit/g:sm/q:40/h:150/w:150/czM6Ly9kaXNjb2dz/LWRhdGFiYXNlLWlt/YWdlcy9SLTEwMzQw/MzE1LTE1MDM3NjAx/MzYtMjAxOS5qcGVn.jpeg,132,7
38328093,1997-98 Cassette Tape Demo,Interpol,1998,release,Main,,Accepted,"Cass, EP, Promo, Smplr, Dem",Not On Label,https://api.discogs.com/releases/38328093,https://i.discogs.com/5qDmGkqqw8Sng5b8_erugcuHdN3zQSV2hh7Zf5U83GY/rs:fit/g:sm/q:40/h:150/w:150/czM6Ly9kaXNjb2dz/LWRhdGFiYXNlLWlt/YWdlcy9SLTM4MzI4/MDkzLTE3ODg0NTcw/NTAtOTUzNi5qcGVn.jpeg,5,0
537108,Precipitate,Interpol,1999,master,Main,36464692,,,,https://api.discogs.com/masters/537108,https://i.discogs.com/Qk-Un4i0PDV7mnMsvow5JnjUTRFWX7TfrtYX8BNvhcc/rs:fit/g:sm/q:40/h:150/w:150/czM6Ly9kaXNjb2dz/LWRhdGFiYXNlLWlt/YWdlcy9SLTM2NDY0/NjkyLTE3NzA3NDU5/MjktMjgyNS5qcGVn.jpeg,17,2
43229,Fukd I.D. #3,Interpol,2000,master,Main,791011,,,,https://api.discogs.com/masters/43229,https://i.discogs.com/hpLYUdESY_Kj1Z1HDO8YA581hE2cSfpSPfltblAh4uc/rs:fit/g:sm/q:40/h:150/w:150/czM6Ly9kaXNjb2dz/LWRhdGFiYXNlLWlt/YWdlcy9SLTc5MTAx/MS0xNTg5OTkwMDMw/LTE5NzMuanBlZw.jpeg,512,270
15031501,4 Track Demo,Interpol,2001,release,Main,,Accepted,"CDr, CD-ROM",Not On Label (Interpol Self-released),https://api.discogs.com/releases/15031501,https://i.discogs.com/aGOhHg_0dzdEfYbaW3_c5R5uMS35pRb1LQgy9Jvb-Qc/rs:fit/g:sm/q:40/h:150/w:150/czM6Ly9kaXNjb2dz/LWRhdGFiYXNlLWlt/YWdlcy9SLTE1MDMx/NTAxLTE1ODU4NjM0/NzMtOTY0NC5qcGVn.jpeg,45,2
4428203,Roland / PDA,Interpol,2002,release,Main,,Accepted,"CDr, Single, Promo","Labels, Virgin",https://api.discogs.com/releases/4428203,https://i.discogs.com/QHQ0RwRElJfxRsR9D-XAF0H0e-V0o5V1VhkV2IHpWg8/rs:fit/g:sm/q:40/h:150/w:150/czM6Ly9kaXNjb2dz/LWRhdGFiYXNlLWlt/YWdlcy9SLTQ0Mjgy/MDMtMTUxODU1MDc0/NC0yNDM4LmpwZWc.jpeg,32,11
14612779,NYC - Edit,Interpol,2002,release,Main,,Accepted,"CD, Single, Promo",Matador,https://api.discogs.com/releases/14612779,https://i.discogs.com/1G4Z7OZygBlAMWOKodfoI_mx5yHuNz8MZECh42gaOeI/rs:fit/g:sm/q:40/h:150/w:150/czM6Ly9kaXNjb2dz/LWRhdGFiYXNlLWlt/YWdlcy9SLTE0NjEy/Nzc5LTE2NTYwOTk0/MTItNDc3Ni5qcGVn.jpeg,22,11
17774674,Extraits Du Nouvel Album,"Nada Surf, Interpol",2002,release,Main,,Accepted,"CD, Advance, Mixed",Labels,https://api.discogs.com/releases/17774674,https://i.discogs.com/3QsHrPPDulrjW6jVwdp-lzn4xq1kcQnRrcNgQff6twc/rs:fit/g:sm/q:40/h:150/w:150/czM6Ly9kaXNjb2dz/LWRhdGFiYXNlLWlt/YWdlcy9SLTE3Nzc0/Njc0LTE2MTUzNzIw/MTgtNjIxNC5qcGVn.jpeg,15,6
30761343,NYC,Interpol,2002,release,Main,,Accepted,"VHS, Promo",Matador,https://api.discogs.com/releases/30761343,https://i.discogs.com/a-zTGIwYnHtcOrKqP85pjgikfs8QZvw-6n_kxqjVLcI/rs:fit/g:sm/q:40/h:150/w:150/czM6Ly9kaXNjb2dz/LWRhdGFiYXNlLWlt/YWdlcy9SLTMwNzYx/MzQzLTE3MTY0ODUw/NjgtNDgzNS5qcGVn.jpeg,3,0
90631,Interpol EP,Interpol,2002,master,Main,1158949,,,,https://api.discogs.com/masters/90631,https://i.discogs.com/-7ZrGOtkQ19KHcOBhH7wtKiUYGW4Msioi6rolXGTLxw/rs:fit/g:sm/q:40/h:150/w:150/czM6Ly9kaXNjb2dz/LWRhdGFiYXNlLWlt/YWdlcy9SLTExNTg5/NDktMTQ2MjE1MTAw/NS01NTM3LmpwZWc.jpeg,138,301
90634,Obstacle 1,Interpol,2002,master,Main,1039560,,,,https://api.discogs.com/masters/90634,https://i.discogs.com/cqPZe2z0Xi2G9gCua7x83xrais4p4bFKi909GoWmQes/rs:fit/g:sm/q:40/h:150/w:150/czM6Ly9kaXNjb2dz/LWRhdGFiYXNlLWlt/YWdlcy9SLTEwMzk1/NjAtMTI2OTI3NTQw/My5qcGVn.jpeg,528,610
9235,Turn On The Bright Lights,Interpol,2002,master,Main,604691,,,,https://api.discogs.com/masters/9235,https://i.discogs.com/5uIWJYmprL3mzPLgsv1qhREQldzVvH1q7O4JMbmg8e4/rs:fit/g:sm/q:40/h:150/w:150/czM6Ly9kaXNjb2dz/LWRhdGFiYXNlLWlt/YWdlcy9SLTYwNDY5/MS0xNDg0NTcwODYy/LTgyNDQuanBlZw.jpeg,3732,5740
1252029,PDA,Interpol,2002,master,Main,1625046,,,,https://api.discogs.com/masters/1252029,https://i.discogs.com/Mie6uZEFO333HKQsIY1QaI0VPuP_5dn7YzDGpbPW-bo/rs:fit/g:sm/q:40/h:150/w:150/czM6Ly9kaXNjb2dz/LWRhdGFiYXNlLWlt/YWdlcy9SLTE2MjUw/NDYtMTI2NTE3NjA1/Ni5qcGVn.jpeg,554,233
36445653,Absolutely Live In The Zone,Interpol / Bush,2003,release,Main,,Accepted,"2xCDr, Transcription",Westwood One,https://api.discogs.com/releases/36445653,https://i.discogs.com/wWOH_sjP1GHCWJquF-zVHynnzimRg-o3ee77JpRzLHE/rs:fit/g:sm/q:40/h:150/w:150/czM6Ly9kaXNjb2dz/LWRhdGFiYXNlLWlt/YWdlcy9SLTM2NDQ1/NjUzLTE3NzA1NzY5/OTgtNzAzNC5qcGVn.jpeg,3,0
90636,Say Hello To The Angels | NYC,Interpol,2003,master,Main,388533,,,,https://api.discogs.com/masters/90636,https://i.discogs.com/CaT_tueR_qRWCKZOrmC5lNjzuFlkRE8luB-5geeyDhQ/rs:fit/g:sm/q:40/h:150/w:150/czM6Ly9kaXNjb2dz/LWRhdGFiYXNlLWlt/YWdlcy9SLTM4ODUz/My0xMjY5Mjc1NTU2/LmpwZWc.jpeg,360,798
90648,The Black EP,Interpol,2003,master,Main,399114,,,,https://api.discogs.com/masters/90648,https://i.discogs.com/MDp2U3P_wu8AdXwUBeBrE7DYpyAHG2aaMl6MC2Vm0Zs/rs:fit/g:sm/q:40/h:150/w:150/czM6Ly9kaXNjb2dz/LWRhdGFiYXNlLWlt/YWdlcy9SLTM5OTEx/NC0xNDY0MzIwMDE0/LTk4OTMuanBlZw.jpeg,103,844
671024,Radio EP,Interpol,2004,release,Main,,Accepted,"CD, EP, Promo",Matador,https://api.discogs.com/releases/671024,https://i.discogs.com/ot1AkvOICmeF0_xaNuoqad9A0wXzevdQuX3Bhw_dS2I/rs:fit/g:sm/q:40/h:150/w:150/czM6Ly9kaXNjb2dz/LWRhdGFiYXNlLWlt/YWdlcy9SLTY3MTAy/NC0xMTQ1ODI1MzQ1/LmpwZWc.jpeg,34,18
2920086,Untitled (Interpool Swimwear Remix),Interpol,2004,release,Main,,Accepted,"File, MP3",Matador,https://api.discogs.com/releases/2920086,,6,5
8395017,Interlude,Interpol,2004,release,Main,,Accepted,"File, AAC, Single, 256",Matador,https://api.discogs.com/releases/8395017,https://i.discogs.com/c7HpD4LrtWDPrsdiZ0sqPu4AKT-AsQANxVtsFfOOGCE/rs:fit/g:sm/q:40/h:150/w:150/czM6Ly9kaXNjb2dz/LWRhdGFiYXNlLWlt/YWdlcy9SLTgzOTUw/MTctMTQ2MDc5NDQw/Ny02MzExLmpwZWc.jpeg,3,7
90640,Slow Hands,Interpol,2004,master,Main,399110,,,,https://api.discogs.com/masters/90640,https://i.discogs.com/nagTB2eH_TLaFTFRckgZWOJt8uLmpz9kJb9w9F78L70/rs:fit/g:sm/q:40/h:150/w:150/czM6Ly9kaXNjb2dz/LWRhdGFiYXNlLWlt/YWdlcy9SLTM5OTEx/MC0xMTU3MjY1NDM5/LmpwZWc.jpeg,40,269
90642,Evil,Interpol,2004,master,Main,1030285,,,,https://api.discogs.com/masters/90642,https://i.discogs.com/y4NDOcjBu7T01se13SbwHyGVg2g8FZ_OYso0q82xmvc/rs:fit/g:sm/q:40/h:150/w:150/czM6Ly9kaXNjb2dz/LWRhdGFiYXNlLWlt/YWdlcy9SLTEwMzAy/ODUtMTY2NDcwNTUz/MS0yMDM2LmpwZWc.jpeg,25,204
9238,Antics,Interpol,2004,master,Main,604692,,,,https://api.discogs.com/masters/9238,https://i.discogs.com/kbr202Ha4bxZv7zgDDUoB_627vrBHiJOBGofjYw0Qqg/rs:fit/g:sm/q:40/h:150/w:150/czM6Ly9kaXNjb2dz/LWRhdGFiYXNlLWlt/YWdlcy9SLTYwNDY5/Mi0xNjg5NzI4Mjc3/LTY1MTEuanBlZw.jpeg,1584,3402
1709651,NARC,Interpol,2004,master,Main,8935561,,,,https://api.discogs.com/masters/1709651,https://i.discogs.com/WBWJqXe3cwW6ZEkB9Prn67QSAyJ9dbo1yk7pPoEV2i4/rs:fit/g:sm/q:40/h:150/w:150/czM6Ly9kaXNjb2dz/LWRhdGFiYXNlLWlt/YWdlcy9SLTg5MzU1/NjEtMTQ3MTc5NzI1/NS03MjE3LmpwZWc.jpeg,21,28
980174,Live Session EP (iTunes Exclusive),Interpol,2005,release,Main,,Accepted,"4xFile, AAC, EP, Copy Prot., 128",Matador,https://api.discogs.com/releases/980174,https://i.discogs.com/efb8n0wTSToTiJIIqvfEApJ9dqeGL1u1_kXwAPOwMK8/rs:fit/g:sm/q:40/h:150/w:150/czM6Ly9kaXNjb2dz/LWRhdGFiYXNlLWlt/YWdlcy9SLTk4MDE3/NC0xMTgwMjgzMzI5/LmpwZWc.jpeg,13,23
15036951,Antics (Bonus Disc),Interpol,2005,release,Main,,Accepted,"CD, EP, Enh",Matador,https://api.discogs.com/releases/15036951,https://i.discogs.com/9RnjO40KU_YvcBO-ZD9JszfKOlca6pAbV7AbQHg1-6Y/rs:fit/g:sm/q:40/h:150/w:150/czM6Ly9kaXNjb2dz/LWRhdGFiYXNlLWlt/YWdlcy9SLTE1MDM2/OTUxLTE1ODU4Mzgy/MjgtMjY4Ny5qcGVn.jpeg,28,11
37441782,Absolutely Live In The Zone,Interpol / Incubus (2),2005,release,Main,,Accepted,"CDr, Transcription",Westwood One,https://api.discogs.com/releases/37441782,https://i.discogs.com/rMYoubjHjYFXWnpmbr8Bdolw3zp__nSekWin6I5ntY0/rs:fit/g:sm/q:40/h:150/w:150/czM6Ly9kaXNjb2dz/LWRhdGFiYXNlLWlt/YWdlcy9SLTM3NDQx/NzgyLTE3Nzk3MzY5/NzgtMTcxMy5qcGVn.jpeg,0,0
90641,C'Mere,Interpol,2005,master,Main,1796531,,,,https://api.discogs.com/masters/90641,https://i.discogs.com/Dyoz-eravM-DGEy45Z23_aR49EN6bROgW83nF4_pmjQ/rs:fit/g:sm/q:40/h:150/w:150/czM6Ly9kaXNjb2dz/LWRhdGFiYXNlLWlt/YWdlcy9SLTE3OTY1/MzEtMTI4NzMyMDM4/NC5qcGVn.jpeg,21,229
90646,Remix,Interpol,2005,master,Main,584083,,,,https://api.discogs.com/masters/90646,https://i.discogs.com/yeccqYDVbMwKGoADmZObr0NYY2w1eT2GIwi5h7eu9aE/rs:fit/g:sm/q:40/h:150/w:150/czM6Ly9kaXNjb2dz/LWRhdGFiYXNlLWlt/YWdlcy9SLTU4NDA4/My0xNzAwNjg1MjEz/LTcyODYuanBlZw.jpeg,26,407
1699042,Turn On The Bright Lights / Antics,Interpol,2005,master,Main,8039310,,,,https://api.discogs.com/masters/1699042,https://i.discogs.com/trEq59_j9NwQtmNJRLwGw-dy-WAGWesWO7cnSCKB3SU/rs:fit/g:sm/q:40/h:150/w:150/czM6Ly9kaXNjb2dz/LWRhdGFiYXNlLWlt/YWdlcy9SLTgwMzkz/MTAtMTQ1Mzk3NjE0/OC0zOTg5LmpwZWc.jpeg,24,21
1214130,Live,Interpol,2007,release,Main,,Accepted,"CD, EP",Capitol Records,https://api.discogs.com/releases/1214130,https://i.discogs.com/-FibnoXCzkenjHy7CW1BezgxfieTIf_Hub06l-A6kDw/rs:fit/g:sm/q:40/h:150/w:150/czM6Ly9kaXNjb2dz/LWRhdGFiYXNlLWlt/YWdlcy9SLTEyMTQx/MzAtMTY2NDY2MDU5/My02MTk0LmpwZWc.jpeg,107,326
14828810,Our Love To Admire - 5 Track Sampler,Interpol,2007,release,Main,,Accepted,"CDr, Promo, Smplr",Capitol Music,https://api.discogs.com/releases/14828810,https://i.discogs.com/vbH4LDhv78IVyGsaufqxh2Za9E8NIcixmRk7s3iBzGE/rs:fit/g:sm/q:40/h:150/w:150/czM6Ly9kaXNjb2dz/LWRhdGFiYXNlLWlt/YWdlcy9SLTE0ODI4/ODEwLTE1ODIzOTQ3/MTItNDI3My5qcGVn.jpeg,12,1
15998473,No I In The Threesome (Making Of),Interpol,2007,release,Main,,Accepted,"DVDr, DVD-V, PAL",EMI,https://api.discogs.com/releases/15998473,https://i.discogs.com/E3ESU1RmUB7aIHP8uQOWGXB1H0jysCTPHeUm0gk3v9g/rs:fit/g:sm/q:40/h:150/w:150/czM6Ly9kaXNjb2dz/LWRhdGFiYXNlLWlt/YWdlcy9SLTE1OTk4/NDczLTE2MDgyODgy/MzktMzU1MC5qcGVn.jpeg,9,0
23967893,Absolutely Live In The Zone,The Bravery / Interpol,2007,release,Main,,Accepted,"CDr, Transcription",Westwood One,https://api.discogs.com/releases/23967893,https://i.discogs.com/1r6fZhSFTeQHbMLA66Zcdo6Pabu-2V5r_Rzx_jwj3Cc/rs:fit/g:sm/q:40/h:150/w:150/czM6Ly9kaXNjb2dz/LWRhdGFiYXNlLWlt/YWdlcy9SLTIzOTY3/ODkzLTE2NTg1NjY2/NTktOTIyNC5qcGVn.jpeg,17,3
29328511,Pioneer To The Falls (Orchestral),Interpol,2007,release,Main,,Accepted,"CDr, Promo",Kobalt,https://api.discogs.com/releases/29328511,https://i.discogs.com/Ah8AyG47MMliIttyEU7kdGEzzAcXhHRG9JDelxAncG8/rs:fit/g:sm/q:40/h:150/w:150/czM6Ly9kaXNjb2dz/LWRhdGFiYXNlLWlt/YWdlcy9SLTI5MzI4/NTExLTE3MDM3NzI5/NTUtMjk3NC5qcGVn.jpeg,8,1
90645,The Heinrich Maneuver,Interpol,2007,master,Main,1070071,,,,https://api.discogs.com/masters/90645,https://i.discogs.com/0wZPzYhw-3M7GTBCvD2uQ_ZzLkZGCvChjnmFYh_FaVI/rs:fit/g:sm/q:40/h:150/w:150/czM6Ly9kaXNjb2dz/LWRhdGFiYXNlLWlt/YWdlcy9SLTEwNzAw/NzEtMTE5MDk4MzQ0/My5qcGVn.jpeg,30,134
90644,Mammoth,Interpol,2007,master,Main,1060590,,,,https://api.discogs.com/masters/90644,https://i.discogs.com/Hi3FHpCEnjyhyBOWt64DeQL0ubhUxwP1iz4owscT9YA/rs:fit/g:sm/q:40/h:150/w:150/czM6Ly9kaXNjb2dz/LWRhdGFiYXNlLWlt/YWdlcy9SLTEwNjA1/OTAtMTQ2MjE1MTA0/MS0zMzEyLmpwZWc.jpeg,49,175
396593,No I In Threesome,Interpol,2007,master,Main,1205276,,,,https://api.discogs.com/masters/396593,https://i.discogs.com/XO3V9C91Jal0JFVd_KFX5kKMciB3537ZVX2bB4ZhxxI/rs:fit/g:sm/q:40/h:150/w:150/czM6Ly9kaXNjb2dz/LWRhdGFiYXNlLWlt/YWdlcy9SLTEyMDUy/NzYtMTMxNTI0NjQ3/MC5qcGVn.jpeg,31,108
43237,Our Love To Admire,Interpol,2007,master,Main,1018815,,,,https://api.discogs.com/masters/43237,https://i.discogs.com/BKBV1WZlI6uHLid03AdytqjoTUC-WutZb6mC6bYFIDk/rs:fit/g:sm/q:40/h:150/w:150/czM6Ly9kaXNjb2dz/LWRhdGFiYXNlLWlt/YWdlcy9SLTEwMTg4/MTUtMTE4NDkyMzMz/Ny5qcGVn.jpeg,927,1415
459644,Remix EP,Interpol,2007,master,Main,3317988,,,,https://api.discogs.com/masters/459644,https://i.discogs.com/LrpnJSPuQ-x2SN4DfP94rNPp9cXiYotfg6Sv4L0Tsag/rs:fit/g:sm/q:40/h:150/w:150/czM6Ly9kaXNjb2dz/LWRhdGFiYXNlLWlt/YWdlcy9SLTMzMTc5/ODgtMTMyNTUyODcw/MS5qcGVn.jpeg,11,6
15998461,Rest My Chemistry,Interpol,2008,release,Main,,Accepted,"DVDr, DVD-V, PAL",EMI,https://api.discogs.com/releases/15998461,https://i.discogs.com/i73TGIX5spLcSzK-KNZRJsUx3CNfeJOHismV1P8rb4s/rs:fit/g:sm/q:40/h:150/w:150/czM6Ly9kaXNjb2dz/LWRhdGFiYXNlLWlt/YWdlcy9SLTE1OTk4/NDYxLTE2MDgxMTgz/MzAtMjEwOS5qcGVn.jpeg,8,0
3359510,Summer Well,Interpol,2010,release,Main,,Accepted,"CD, Single, Promo",Cooperative Music,https://api.discogs.com/releases/3359510,https://i.discogs.com/YyShmj3_Gbv3WE0zIsM06gDM0mZ_f25KwyBhLujVW3Y/rs:fit/g:sm/q:40/h:150/w:150/czM6Ly9kaXNjb2dz/LWRhdGFiYXNlLWlt/YWdlcy9SLTMzNTk1/MTAtMTM0Mzg0OTQ3/NC04Nzk1LmpwZWc.jpeg,30,22
8394728,Crimewaves,Interpol,2010,release,Main,,Accepted,"File, AAC, Single, 256",Matador,https://api.discogs.com/releases/8394728,https://i.discogs.com/51UhPoSM_m-HwlhzYKCZSwH5m2PodGsQvEmUQvr8UnI/rs:fit/g:sm/q:40/h:150/w:150/czM6Ly9kaXNjb2dz/LWRhdGFiYXNlLWlt/YWdlcy9SLTgzOTQ3/MjgtMTQ2MDc4NDM4/NS04MDAzLmpwZWc.jpeg,4,13
399006,Lights,Interpol,2010,master,Main,2865164,,,,https://api.discogs.com/masters/399006,https://i.discogs.com/RH7T6IzWHTTbA6YV5cORcWxREfr5FrZC1j4DqjwJiq0/rs:fit/g:sm/q:40/h:150/w:150/czM6Ly9kaXNjb2dz/LWRhdGFiYXNlLWlt/YWdlcy9SLTI4NjUx/NjQtMTMyNTk5Njc0/Ni5qcGVn.jpeg,51,15
273056,Interpol,Interpol,2010,master,Main,2435602,,,,https://api.discogs.com/masters/273056,https://i.discogs.com/-JOhmYAO75oeEzbV3PtnvD2HJ-z3Msh9Ev5EbN9sqBI/rs:fit/g:sm/q:40/h:150/w:150/czM6Ly9kaXNjb2dz/LWRhdGFiYXNlLWlt/YWdlcy9SLTI0MzU2/MDItMTUwNzM5NTYx/NC02ODU1LmpwZWc.jpeg,438,2412
741050,Barricade,Interpol,2010,master,Main,8395331,,,,https://api.discogs.com/masters/741050,https://i.discogs.com/SWiNZhHNdlQm5WU17vKrep4IsUdfNpB7N-VBM-xOANE/rs:fit/g:sm/q:40/h:150/w:150/czM6Ly9kaXNjb2dz/LWRhdGFiYXNlLWlt/YWdlcy9SLTgzOTUz/MzEtMTQ2MDgwMDQ0/Mi02NDI5LmpwZWc.jpeg,1,6
2732292,Tour EP,"Interpol, School Of Seven Bells And Matthew Dear",2011,release,Main,,Accepted,"3xFile, MP3, EP, Comp, 320",Not On Label (Interpol Self-Released),https://api.discogs.com/releases/2732292,https://i.discogs.com/p7vdSHHGTVFUnPjPYw5qkN-AcUX3DFl0IDWBgFu5Gq0/rs:fit/g:sm/q:40/h:150/w:150/czM6Ly9kaXNjb2dz/LWRhdGFiYXNlLWlt/YWdlcy9SLTI3MzIy/OTItMTI5ODUyMTYw/NC5qcGVn.jpeg,13,23
380300,Try It On,Interpol,2011,master,Main,3193169,,,,https://api.discogs.com/masters/380300,https://i.discogs.com/fpnUs189_ETbgWsxa5ynJDPyr6Vy-9_-zOJoTgjUlYI/rs:fit/g:sm/q:40/h:150/w:150/czM6Ly9kaXNjb2dz/LWRhdGFiYXNlLWlt/YWdlcy9SLTMxOTMx/NjktMTMxOTkwNjAz/NC5qcGVn.jpeg,71,227
6356785,My Desire (Radio Edit),Interpol,2014,release,Main,,Accepted,"CDr, Single, Promo",Soft Limit,https://api.discogs.com/releases/6356785,https://i.discogs.com/uQ2fkclz4mJgQGkaON3fcAQ-vJf3YvZ7CV9HJXQnOUQ/rs:fit/g:sm/q:40/h:150/w:150/czM6Ly9kaXNjb2dz/LWRhdGFiYXNlLWlt/YWdlcy9SLTYzNTY3/ODUtMTQxNzMyMzcw/My01MjU0LmpwZWc.jpeg,18,18
1410328,Ancient Ways,Interpol,2014,master,Main,12412184,,,,https://api.discogs.com/masters/1410328,https://i.discogs.com/43gHVGjpTu0HFrg-CDhSAHTASqrKmhFw9X3KOkhTxWc/rs:fit/g:sm/q:40/h:150/w:150/czM6Ly9kaXNjb2dz/LWRhdGFiYXNlLWlt/YWdlcy9SLTEyNDEy/MTg0LTE1MzQ3Njc1/NjUtNTcxMy5qcGVn.jpeg,1,3
736445,All The Rage Back Home,Interpol,2014,master,Main,6116636,,,,https://api.discogs.com/masters/736445,https://i.discogs.com/lS-SZg5BDFSqh-C1Eh8wddwYwGPhKeUlaeoZ-6yTshg/rs:fit/g:sm/q:40/h:150/w:150/czM6Ly9kaXNjb2dz/LWRhdGFiYXNlLWlt/YWdlcy9SLTYxMTY2/MzYtMTQxMTQ3NzIw/Mi0zMjc1LmpwZWc.jpeg,272,161
